{
  "extends": "tslint:recommended",
  "rules": {
    "array-type": false,
    "arrow-parens": false,
    "deprecation": {
      "severity": "warning"
    },
    "component-class-suffix": true,
    "contextual-lifecycle": true,
    "directive-class-suffix": true,
    "directive-selector": [
      true,
      "attribute",
      "sail",
      "camelCase"
    ],
    "component-selector": [
      true,
      "element",
      "sail",
      "kebab-case"
    ],
    "import-blacklist": [
      true,
      "rxjs/Rx"
    ],
    "interface-name": false,
    "indent": [true, "spaces", 2],
    "max-classes-per-file": false,
    "max-line-length": [
      true,
      140
    ],
    "member-access": false,
    "member-ordering": [
      true,
      {
        "order": [
          "static-field",
          "instance-field",
          "static-method",
          "instance-method"
        ]
      }
    ],
    "no-consecutive-blank-lines": false,
    "no-console": [
      true,
      "debug",
      "info",
      "time",
      "timeEnd",
      "trace"
    ],
    "no-empty": false,
    "no-inferrable-types": [
      true,
      "ignore-params"
    ],
    "no-non-null-assertion": true,
    "no-redundant-jsdoc": true,
    "no-switch-case-fall-through": true,
    "no-var-requires": false,
    "object-literal-key-quotes": [
      true,
      "as-needed"
    ],
    "object-literal-sort-keys": false,
    "ordered-imports": false,
    "quotemark": [
      true,
      "single"
    ],
    "trailing-comma": true,
    "no-conflicting-lifecycle": true,
    "no-host-metadata-property": true,
    "no-input-rename": true,
    "no-inputs-metadata-property": true,
    "no-output-native": true,
    "no-output-on-prefix": true,
    "no-output-rename": true,
    "no-outputs-metadata-property": true,
    "template-banana-in-box": true,
    "template-no-negated-async": true,
    "use-lifecycle-interface": true,
    "use-pipe-transform-interface": true,
    "no-unnecessary-class": false,
    "contextual-decorator": true,
    "contextual-life-cycle": true,
    "import-destructuring-spacing": true,
    "no-attribute-decorator": true,
    "no-conflicting-life-cycle": true,
    "no-floating-promises": false,
    "no-life-cycle-call": true,
    "no-queries-metadata-property": true,
    "no-unused-css": true,
    "no-unused-variable": true,
    "prefer-inline-decorator": true,
    "prefer-on-push-component-change-detection": true,
    "prefer-output-readonly": true,
    "relative-url-prefix": true,
    "template-no-any": true,
    "template-use-track-by-function": true,
    "use-component-selector": true,
    "use-component-view-encapsulation": true,
    "use-life-cycle-interface": true,
    "use-pipe-decorator": true,
    "template-accessibility-alt-text": true,
    "template-accessibility-elements-content": true,
    "template-accessibility-label-for": true,
    "template-accessibility-tabindex-no-positive": true,
    "template-accessibility-table-scope": true,
    "template-accessibility-valid-aria": true,
    "template-click-events-have-key-events": true,
    "template-mouse-events-have-key-events": true,
    "template-no-autofocus": true,
    "template-no-distracting-elements": true,
    "variable-name": [
      true,
      "allow-leading-underscore"
    ]
  },
  "rulesDirectory": [
    "codelyzer"
  ]
}
