{
  "rulesDirectory": [
    "../node_modules/codelyzer"
  ],
  "rules": {
    "member-access": [
      true,
      "check-accessor"
    ],
    "no-any": false,
    "no-inferrable-types": false,
    "no-internal-module": true,
    "no-namespace": true,
    "no-reference": true,
    "no-var-requires": true,
    "typedef": [
      false
    ],
    "ban": false,
    "curly": true,
    "forin": true,
    "label-position": true,
    "label-undefined": true,
    "no-arg": true,
    "no-bitwise": false,
    "no-conditional-assignment": false,
    "no-console": [
      false
    ],
    "no-construct": true,
    "no-debugger": true,
    "no-duplicate-key": true,
    "no-duplicate-variable": true,
    "no-empty": false,
    "no-eval": true,
    "no-invalid-this": false,
    "no-null-keyword": false,
    "no-shadowed-variable": true,
    "no-string-literal": true,
    "no-switch-case-fall-through": true,
    "no-unreachable": true,
    "no-unused-expression": true,
    "no-unused-variable": true,
    "no-use-before-declare": true,
    "no-var-keyword": true,
    "radix": false,
    "switch-default": false,
    "triple-equals": true,
    "use-isnan": true,
    "use-strict": [
      false
    ],
    "eofline": false,
    "indent": [true, "spaces", 2],
    "linebreak-style": false,
    "max-line-length": [
      true,
      140
    ],
    "no-default-export": false,
    "no-mergeable-namespace": false,
    "no-require-imports": true,
    "no-trailing-whitespace": false,
    "object-literal-sort-keys": false,
    "trailing-comma": true,
    "align": [
      false
    ],
    "class-name": true,
    "comment-format": [
      true,
      "check-space",
      "check-uppercase"
    ],
    "interface-name": [
      true,
      "never-prefix"
    ],
    "jsdoc-format": true,
    "new-parens": true,
    "no-angle-bracket-type-assertion": false,
    "no-consecutive-blank-lines": true,
    "no-constructor-vars": false,
    "one-line": [
      true,
      "check-open-brace",
      "check-catch",
      "check-else",
      "check-finally",
      "check-whitespace"
    ],
    "one-variable-per-declaration": true,
    "quotemark": [
      true,
      "single"
    ],
    "semicolon": true,
    "variable-name": false,
    "whitespace": [
      true,
      "check-branch",
      "check-decl",
      "check-operator",
      "check-module",
      "check-separator",
      "check-type",
      "check-typecast"
    ],
    "directive-selector-name": [
      true,
      "camelCase"
    ],
    "component-selector-name": [
      true,
      "kebab-case"
    ],
    "directive-selector-type": [
      true,
      "attribute"
    ],
    "component-selector-type": [
      true,
      "element"
    ],
    "use-input-property-decorator": true,
    "use-output-property-decorator": true,
    "use-host-property-decorator": true,
    "no-input-rename": true,
    "no-output-rename": true,
    "use-life-cycle-interface": true,
    "use-pipe-transform-interface": true,
    "component-class-suffix": true,
    "directive-class-suffix": true
  }
}
